3	Zivaro	www.zivaro.com	https://zivaro.com/	200	[<Response [301]>, <Response [301]>]
5	Alpine Buick GMC LLC	www.alpinebuickgmc.com	https://www.alpinebuickgmc.com/	200	[<Response [301]>]
6	"SofTec Solutions, Inc."	www.softecinc.com	https://softecinc.com/	200	[<Response [301]>, <Response [301]>]
7	Managed Business Solutions LLC	www.mbshome.com	https://www.mbshome.com/	200	[<Response [301]>]
8	Rocky Mountain Instrument Co.	www.rmilaser.com	https://www.rmilaser.com/	200	[<Response [302]>]
10	"Protech Sales, Inc."	www.protechsalesinc.com	https://www.protechsalesusa.com/	200	[<Response [301]>, <Response [301]>]
11	Ayuda Management Corporation	ayudacompanies.com	https://www.ayudacompanies.com/	200	[<Response [301]>]
12	Stratus Information Systems	www.stratusis.com	http://stratusis.com/	200	[<Response [301]>]
13	"Gallegos Sanitation, Inc."	www.gsiwaste.com	https://gsiwaste.com/	200	[<Response [301]>, <Response [301]>]
15	Pacific Western Technologies Ltd.	www.pwt.com	https://pwt.com/	200	[<Response [301]>]
16	Summit Container Corp.	www.summitcontainer.com	https://www.1teamsummit.com/	200	[<Response [301]>]
17	"Duran Excavating, Inc."	www.duranexcavating.com	http://www.duranexcavating.com/	200	[]
18	Innovar Group	www.innovargroup.com	https://innovargroup.com/	200	[<Response [301]>, <Response [301]>]
24	MOA Architecture	www.moaarch.com	https://www.moaarch.com/	200	[<Response [301]>]
26	"Naranjo Civil Constructors, Inc."	www.naranjocivil.com	https://naranjocivil.com/	200	[<Response [301]>]
29	"LEI Companies, Inc."	www.leicompanies.com	https://leicompanies.com/	200	[<Response [301]>, <Response [301]>]
37	DatamanUSA LLC	www.datamanusa.com	https://www.datamanusa.com/	200	[<Response [301]>]
38	"RMC Consultants, Inc."	www.rmc-consultants.com	http://www.rmc-consultants.com/	200	[]
39	Rocky Mountain Sanitation LLC	www.rockymountainsanitation.com	https://rockymountainsanitation.com/	200	[<Response [301]>, <Response [301]>]
41	Adventos LLC	www.adventos.com	https://www.adventos.com/	200	[<Response [301]>]
42	National Speaker & Sound	www.nationalspeaker.com	https://nationalspeaker.com/	200	[<Response [301]>]
43	Blue Spruce Design & Construction	www.bluespruceconst.com	https://bluespruceconst.com/	200	[<Response [301]>, <Response [308]>]
44	"The Abo Group, Inc."	www.theabogroup.com	https://www.theabogroup.com/	200	[<Response [301]>]
46	"American Automation Building Solutions, Inc."	www.americanautomation.com	https://americanautomation.com/	200	[<Response [301]>]
49	"Kare Products, Inc."	www.kareproducts.com	https://kareproducts.com/	200	[<Response [301]>, <Response [301]>]
51	Hiratsuka & Schmitt LLP	www.hiratsukaschmitt.com	http://www.hiratsukaschmitt.com/	400	[]
53	Santiago's Restaurant	www.eatatsantiagos.com	https://www.eatatsantiagos.com	200	[<Response [301]>]
56	"Foursquare Labs, Inc."	www.foursquare.com	https://foursquare.com/	200	[<Response [301]>]
58	Affordable American Insurance	www.affordableamericaninsurance.com	https://www.affordableamericaninsurance.com/	200	[<Response [301]>]
59	"American Furniture Warehouse Co., Inc."	afw.com	https://www.afw.com/	200	[<Response [301]>]
61	Baxa Corporation	www.baxa.com	http://baxa.com/	200	[<Response [301]>]
67	Cub Cadet	www.cubcadet.com	https://www.cubcadet.com/	200	[<Response [301]>]
70	Astor & Black Custom Ltd.	www.astorandblack.com	https://www.astorandblack.com/	200	[<Response [301]>]
71	Songkick.Com Limited	www.songkick.com	https://www.songkick.com/	200	[<Response [301]>]
73	McClure's Pickles	mcclures.com	https://mcclures.com/	200	[<Response [301]>]
75	"LivingSocial, Inc."	www.livingsocial.com	https://www.livingsocial.com/	200	[<Response [301]>]
76	"Rent the Runway, Inc."	www.renttherunway.com	https://www.renttherunway.com/	200	[<Response [301]>]
77	iContact LLC	www.icontact.com	https://www.icontact.com/	200	[<Response [301]>]
78	"Airbnb, Inc."	www.airbnb.com	http://www.airbnb.com/	403	[]
79	Occipital	www.occipital.com	https://occipital.com/	200	[<Response [301]>]
80	C&C Manufacturing LLC	www.candcmfg.net	http://www.candcmfg.net/	200	[]
134	"CEAVCO Audio Visual Co., Inc."	www.ceavco.com	https://ceavco.com/	200	[<Response [301]>]
135	Cigarette Store Corporation	www.smokerfriendly.com	https://smokerfriendly.com/	200	[<Response [301]>]
136	"Clark's Market, Inc."	www.clarksmarket.com	https://www.clarksmarket.com/	200	[<Response [302]>]
137	"Cooper Heating & Cooling, Inc."	www.coopergreenteam.com	https://coopergreenteam.com/	200	[<Response [301]>, <Response [301]>]
140	Destination Services Corporation	www.dsc-co.com	https://pra.com	200	[<Response [301]>]
142	"Easter-Owens Electric Co., Inc."	www.easter-owens.com	https://easter-owens.com/	200	[<Response [301]>]
145	"Fiore & Sons, Inc."	www.fioreandsons.com	https://www.fioreandsons.com/	200	[<Response [301]>]
146	"FMH Material Handling Solutions, Inc."	www.fmhsolutions.com	https://www.fmhsolutions.com/	200	[<Response [301]>]
147	Foster Electric Corporation	www.fosterelectriccorp.com	https://www.fosterelectriccorp.com/	200	[<Response [301]>]
148	General Air Service & Supply Co.	www.generalair.com	https://www.generalair.com/	200	[<Response [301]>]
149	Good Day Pharmacy	www.gooddaypharmacy.com	https://www.gooddaypharmacy.com/	200	[<Response [301]>]
150	Greiner Electric LLC	www.greinerelectric.com	https://greinerelectric.com	200	[<Response [301]>, <Response [301]>]
151	"Guy's Floor Service, Inc."	www.guysfloor.com	https://guysfloor.com/	200	[<Response [301]>, <Response [301]>]
152	Haselden Construction LLC	www.haselden.com	https://www.haselden.com/	403	[<Response [301]>]
153	Heggem-Lundquist Paint Co.	www.heggem-lundquist.com	https://www.heggem-lundquist.com/	200	[<Response [301]>]
155	Horan & McConaty Funeral Sevice/Cremation	www.horancares.com	https://www.horancares.com/	200	[<Response [301]>]
157	"Istonish, Inc."	www.istonish.com	https://www.istonish.com/	200	[<Response [301]>]
159	Johnson Storage & Moving Co. Holdings LLC	www.johnsonstorage.com	https://www.johnsonstorage.com/	200	[<Response [301]>]
161	"Lehrer's Flowers, Inc."	www.thinkflowers.com	https://www.thinkflowers.com:443/	200	[<Response [301]>]
163	"McGuckin Hardware, Inc."	www.mcguckin.com	https://www.mcguckin.com/	200	[<Response [301]>]
165	"Moody Insurance Agency, Inc."	www.moodyins.com	https://moodyins.com/	200	[<Response [301]>, <Response [301]>]
166	Mountain Man Nut & Fruit Co.	www.mtnman.com	https://mtnman.com/	200	[<Response [301]>]
167	"Natural Grocers, Inc"	www.naturalgrocers.com	https://www.naturalgrocers.com/	200	[<Response [301]>]
170	"Productive Data Solutions, Inc."	www.pdsinc.com	https://www.pdsinc.com/	200	[<Response [301]>]
171	Publication Printers Corp.	www.publicationprinters.com	https://www.publicationprinters.com/	200	[<Response [301]>]
172	"Schomp Automotive, Inc."	www.schomp.com	https://www.schomp.com/	200	[<Response [301]>]
175	"RK Mechanical, Inc."	www.rkmi.com	https://rkmi.com/	200	[<Response [301]>]
176	"Roche Constructors, Inc."	www.rocheconstructors.com	https://rocheconstructors.com/	200	[<Response [301]>, <Response [301]>]
177	Rockmount Ranch Wear Manufacturing Co.	www.rockmount.com	https://rockmount.com/	200	[<Response [301]>]
178	"Swingle Lawn, Tree & Landscape Care"	www.myswingle.com	https://myswingle.com/	200	[<Response [301]>]
179	"Tuff Shed, Inc."	www.tuffshed.com	https://www.tuffshed.com/	200	[<Response [301]>]
181	"Wanco, Inc."	www.wanco.com	https://www.wanco.com/	200	[<Response [301]>]
182	WSI Global	www.wsiglobal.com	https://wsiglobal.com/	200	[<Response [301]>]
183	Wilderness Aware Rafting	www.inaraft.com	https://www.inaraft.com/	200	[<Response [301]>]
184	Norwalk Custom Order Furniture LLC	www.norwalkfurniture.com	https://norwalkfurniture.com/	200	[<Response [302]>]
186	"Groupon, Inc."	www.groupon.com	https://www.groupon.com/	200	[<Response [301]>]
187	OLSON	www.icfolson.com	https://www.icf.com/next	200	[<Response [301]>]
188	Venmo Inc.	www.venmo.com	https://venmo.com/	200	[<Response [301]>, <Response [301]>]
189	"William Rawn Associates, Architects, Inc."	www.rawnarch.com	https://rawnarch.com/	200	[<Response [302]>]
190	"LearnVest, Inc."	www.learnvest.com	https://learnvest.com/	200	[<Response [301]>, <Response [302]>]
191	Hudl	www.hudl.com	https://www.hudl.com:443/	200	[<Response [302]>]
192	Figure Eight	www.figure-eight.com	https://appen.com/	200	[<Response [301]>]
193	"AlterG, Inc."	alterg.com	https://www.alterg.com/	200	[<Response [301]>, <Response [301]>]
194	Skidmore Owings & Merrill	www.som.com	https://www.som.com/	200	[<Response [301]>]
195	"HOK Group, Inc."	www.hok.com	https://www.hok.com/	200	[<Response [301]>]
196	Rafael Vinoly Architects PC	vinoly.com	https://vinoly.com/	200	[<Response [301]>]
198	Gwathmey Siegel Kaufman Architects llc.	www.gwathmey-siegel.com	https://www.gwathmey-siegel.com/	200	[<Response [301]>]
200	DLR Group	www.dlrgroup.com	https://www.dlrgroup.com/home/	200	[<Response [301]>]
202	BLT Architects	www.blta.com	https://www.blta.com/	200	[<Response [301]>]
204	Co. Architects	www.coarchitects.com	https://coarchitects.com/	200	[<Response [301]>]
205	Gensler	www.gensler.com	https://www.gensler.com/	200	[<Response [301]>]
207	SB Architects	www.sb-architects.com	http://sb-architects.com/	200	[<Response [301]>]
208	Goody Clancy	www.goodyclancy.com	https://www.goodyclancy.com/	200	[<Response [301]>]
210	"BNIM Architects, Inc."	www.bnim.com	https://www.bnim.com/	200	[<Response [301]>]
212	STUDIOS Architecture	www.studios.com	https://studios.com/	200	[<Response [301]>]
214	"Cooper, Robertson & Partners"	www.cooperrobertson.com	https://www.cooperrobertson.com/	200	[<Response [301]>]
215	ZGF Architects LLP	www.zgf.com	http://www.zgf.com/	200	[]
228	SERA Architects	www.seradesign.com	https://www.seradesign.com/	200	[<Response [301]>]
229	Ennead Architects	www.ennead.com	http://www.ennead.com/	200	[]
230	Cuningham Group Architecture	www.cuningham.com	https://cuningham.com/	200	[<Response [301]>]
232	Platt Byard Dovell White	www.pbdw.com	https://www.pbdw.com/	200	[<Response [301]>]
234	Little	www.littleonline.com	https://www.littleonline.com/	200	[<Response [301]>]
235	Elkus Manfredi Architects	www.elkus-manfredi.com	https://www.elkus-manfredi.com/	200	[<Response [301]>]
237	KTGY Group	www.ktgy.com	https://ktgy.com/	200	[<Response [301]>, <Response [301]>, <Response [301]>]
238	KMD Architects	www.kmdarchitects.com	https://www.kmdarchitects.com/	200	[<Response [301]>]
239	"The Jerde Partnership, Inc."	www.jerde.com	https://www.jerde.com/	200	[<Response [301]>]
240	Perkins Eastman	www.perkinseastman.com	https://www.perkinseastman.com/	200	[<Response [301]>]
241	Stevens & Wilkinson	stevens-wilkinson.com	https://stevens-wilkinson.com/	200	[<Response [301]>]
243	Epstein	www.epsteinglobal.com	https://www.epsteinglobal.com/	200	[<Response [301]>]
244	DesignLAB	www.trydesignlab.com	https://trydesignlab.com/	200	[<Response [301]>, <Response [301]>]
245	"ShowClix, Inc."	www.showclix.com	https://www.showclix.com/	200	[<Response [301]>]
247	Gladstone Capital Corporation	www.gladstonecapital.com	https://www.gladstonecapital.com/	200	[<Response [301]>]
249	"Golub Capital BDC, Inc."	www.golubcapitalbdc.com	https://golubcapitalbdc.com/	200	[<Response [301]>, <Response [301]>]
252	"Interval Leisure Group, Inc."	www.ilg.com	https://www.marriottvacationsworldwide.com/	200	[<Response [302]>, <Response [302]>]
253	Aflac Incorporated	www.aflac.com	https://www.aflac.com/	200	[<Response [301]>]
254	American Independence Corp.	www.americanindependencecorp.com	https://www.ihcgroup.com	200	[<Response [301]>]
255	"Assurant, Inc."	www.assurant.com	https://www.assurant.com/	200	[<Response [302]>]
258	Principal Financial Group Inc	www.principal.com	https://www.principal.com/	200	[<Response [301]>]
259	"Reinsurance Group of America, Incorporated"	www.rgare.com	https://www.rgare.com/	200	[<Response [302]>]
262	UnumProvident Corporation	secure.unumprovident.com	https://secure.unum.com/human.aspx	200	[<Response [302]>]
263	AAR Corp.	www.aarcorp.com	https://www.aarcorp.com/	200	[<Response [301]>]
265	Boeing Company	www.boeing.com	https://www.boeing.com/	200	[<Response [302]>]
266	EDAC Technologies Corp.	www.edactechnologies.com	https://www.hanwhaaerospaceusa.com/	200	[<Response [301]>]
267	Heico Corporation	www.heico.com	https://www.heico.com/	200	[<Response [301]>]
268	"SIFCO Industries, Inc."	www.sifco.com	https://sifco.com/	200	[<Response [301]>, <Response [301]>]
269	"Textron, Inc."	www.textron.com	https://www.textron.com/	200	[<Response [302]>]
271	United Technologies Corporation	www.utc.com	https://www.rtx.com/	200	[<Response [301]>]
272	"Bebe Stores, Inc."	www.bebe.com	https://www.bebe.com/	200	[<Response [301]>]
273	"Carter's, Inc."	www.carters.com	https://www.carters.com/new-home-carters	200	[<Response [301]>]
274	Columbia Sportswear Company	www.columbia.com	https://www.columbia.com/	200	[<Response [301]>]
275	"Decorator Industries, Inc."	www.decoratorindustries.com	https://www.decoratorindustries.com/	200	[<Response [301]>]
276	"Delta Apparel, Inc."	www.deltaapparelinc.com	https://www.deltaapparelinc.com/	200	[<Response [302]>]
277	"Ever-Glory International Group, Inc."	www.everglorygroup.com	http://www.everglorygroup.com/	200	[]
278	"Frederick's of Hollywood, Inc."	www.fredericks.com	https://www.fredericks.com/	200	[<Response [301]>]
279	G-III Apparel Group Ltd.	www.giii.com	https://www.giii.com/	200	[<Response [301]>]
281	"Guess', Inc."	www.guess.com	https://www.guess.com/us/en/home	200	[<Response [301]>, <Response [302]>]
282	Joe's Jeans Inc.	www.joesjeans.com	https://www.joesjeans.com/	200	[<Response [301]>]
283	"Jones Apparel Group, Inc."	www.jonesapparel.com	https://www.jny.com/	200	[<Response [301]>, <Response [301]>]
284	"Fifth & Pacific Companies, Inc."	www.lizclaiborne.com	https://www.jcpenney.com/g/shops/liz-claiborne?id=cat1009340006	200	[<Response [301]>]
285	"Oxford Industries, Inc."	www.oxfordinc.com	https://www.oxfordinc.com/	200	[<Response [301]>]
286	Perry Ellis International	www.perryelliscorporate.com	https://www.pery.com	200	[<Response [301]>]
287	Phillips-Van Heusen Corporation	www.pvh.com	https://www.pvh.com/	200	[<Response [301]>]
288	Ralph Lauren Corp.	www.ralphlauren.com	http://www.ralphlauren.com/	403	[]
289	"Boardriders, Inc."	www.boardriders.com	https://www.boardriders.com/	200	[<Response [301]>]
292	"Tandy Leather Factory, Inc."	www.tandyleatherfactory.com	http://www.tandyleatherfactory.com/	404	[]
293	Gymboree Corp.	www.gymboreeclasses.com	https://www.gymboreeclasses.com:443/	200	[<Response [301]>]
294	"True Religion Apparel, Inc."	www.truereligion.com	https://www.truereligion.com/	200	[<Response [301]>]
295	"Under Armour, Inc."	www.underarmour.com	https://www.underarmour.com/en-us/	200	[<Response [301]>, <Response [301]>]
299	"Weyco Group, Inc."	www.weycogroup.com	https://www.weycogroup.com/home/index.html	200	[<Response [301]>, <Response [302]>]
301	"Aeropostale, Inc."	www.aeropostale.com	https://www.aeropostale.com/	200	[<Response [301]>]
305	"Buckle, Inc."	www.buckle.com	https://www.buckle.com/	200	[<Response [301]>]
306	"Cache, Inc."	www.cache.com	http://www.cache.com/	200	[]
308	Cato Corporation	www.catocorp.com	https://www.catofashions.com/	200	[<Response [301]>, <Response [301]>]
308	Cato Corporation	www.catofashions.com	https://www.catofashions.com/	200	[<Response [301]>]
309	"Coldwater Creek, Inc."	www.coldwater-creek.com	http://coldwater-creek.com/	200	[<Response [301]>]
311	Destination Maternity Corporation	www.destinationmaternitycorp.com	https://www.motherhood.com/	200	[<Response [301]>]
313	Footlocker Inc	www.footlocker-inc.com	https://www.footlocker-inc.com/	200	[<Response [301]>]
314	The Gap Inc	www.gapinc.com	https://www.gapinc.com/en-us/	200	[<Response [301]>, <Response [301]>]
315	Genesco Inc.	www.genesco.com	https://www.genesco.com/	200	[<Response [301]>]
